age,avg_hospitalizations
1,1.099378881987578
2,2.1664254703328547
3,4.109233554616781
4,2.5070198675496704
5,2.55694372741353
6,2.1982498840982876
7,2.209046835386738
8,2.153866809881836
9,2.179798802116655
10,2.129967776584319
